sku,sku_name,brand,buyer,category,objetivo_mensual_gmv,stock_actual
DREAMERTWO,Colchon en Caja BÃ¡sico Matrimonial 135x190 DreamerTwo ColorDreams,bla,gris,Colchones,4152000,1912
KHCESPMG,Colchon Matrimonial En Caja 15cm Alto KingsHouse,bla,gris,Colchones,3298500,1168
KING3000,Generador Portatil a Gasolina 3000w 7.5 H.P 110v/220v KING3000 Kingsman,cri,gris,FerreterÃ­a,2489400,331
KHCESPIB,Colchon Individual En Caja 15cm Alto KingsHouse,cri,blue,Colchones,2463240,961
DREAMERONE,Colchon en Caja BÃ¡sico Individual 100x190 DreamerOne ColorDreams,bla,gris,Colchones,2338800,2176
RUMG40,Set de 4 Maletas RigÃ­das ABS Rumbo,bla,gris,Equipaje y bolsas,2308900,773
COUPLEDREAMER,Colchon en Caja Premium Matrimonial 135x190 CoupleDreamer ColorDreams,bla,gris,Colchones,2171950,314
EX-1BNW,Bicicleta ElÃ©ctrica Con Canastilla Delantera Bocina Luz y SeÃ±ales Intermitentes,bla,gris,Deportes,1899800,299
KHCESPIG,Colchon Individual En Caja 15cm Alto KingsHouse,bla,gris,Colchones,1894800,536
56677-BEST,Alberca Estructural Redonda Steel Pro 305cm Familiar Bestway,bla,gris,JardÃ­n,1869150,301
KHCESPMB,Colchon Matrimonial En Caja 15cm Alto KingsHouse,bla,gris,Colchones,1759200,763
EX-1B,Bicicleta ElÃ©ctrica Con Canastilla Delantera Bocina Luz y SeÃ±ales Intermitentes,bla,gris,Deportes,1709820,225
CENEVO1,Caminadora Electrica Portatil Nevo 1 HP,bla,gris,Deportes,1589470,962
BATH-VA1-BLA,Mueble Kit Para BaÃ±o Gabinete Organizador Lavamano Monomando,bla,gris,Muebles,1430470,316
RUMG30,Juego 3 Maletas de Viaje Rigidas Ruedas,bla,gris,Equipaje y bolsas,1329300,806
RUM30,Set de 3 Maletas RigÃ­das ABS Negro,bla,gris,Equipaje y bolsas,1272330,397
153812,Hielera 48 Qt O 45 Lit Azul Con Asas Tapa Enfriador Coleman,bla,gris,JardÃ­n,1249200,995
LIV-GARDEN4-MAR,Sala Para Exterior Rattan Con Cojines Garden,bla,gris,Muebles,1207150,264
LIV-GARDEN4-NEG,Sala Para Exterior Rattan Con Cojines Garden,bla,gris,Muebles,1207150,538
EBIKE350-B,Bicicleta ElÃ©ctrica con canastilla delantera baterÃ­a 350W,bla,gris,Deportes,1184850,24
RUM40,Set de 4 Maletas RigÃ­das ABS Rumbo,bla,gris,Equipaje y bolsas,1154450,31
KINGDREAMER,Colchon en Caja Premium King 200x190 KingDreamer ColorDreams,bla,gris,Colchones,1119800,241
HIDROKING2000,Hidrolavadora ElÃ©ctrica Portatil 2000 Psi 1600w + Accesorios,bla,gris,FerreterÃ­a,1019400,1597
SINGLEDREAMER,Colchon en Caja Premium Individual 100x190 SingleDreamer ColorDreams,bla,gris,Colchones,1014650,410
KINGCEM5,Caminadora Electrica Monitor KingSports,bla,gris,Deportes,965770,0
QUEENDREAMER,Colchon Queen Size En Caja Memory 150x190x23 Cm Colordreams,bla,gris,Colchones,849830,415
CP3DREAM135,Colchon plegable en 3 partes 135cm COLORDREAMS,bla,gris,Colchones,759600,357
BATH-VA1-MAD,Mueble Gabinete Para BaÃ±o Con Ovalin y Monomando Caja 2,bla,gris,Muebles,755720,460
KHSPRING1B,Colchon 16cm resortes Individual Blanco,bla,gris,Colchones,755580,425
KINGCEP2,Caminadora Electrica Plegable Color Negro Kingsports,bla,gris,Deportes,719820,2
KH4PLSR,Sala para Exteriores Jardin de Mimbre Negro Cojines Beige,bla,gris,Muebles,701820,305
DRESMULTI4-BLA,Mueble Armario Ropero Closet Multiusos 4 Puertas Mdp,bla,gris,Muebles,671790,400
DRESMULTI4-CAO,Mueble Armario Ropero Closet Multiusos 4 Puertas Mdp,bla,gris,Muebles,671790,352
KINGDIPLA400,Diablito Carga Plataforma Rueda Neumatica 400kg Diablo Acero,bla,gris,FerreterÃ­a,661500,343
CENEVO4,Caminadora Electrica Portatil Plegable Nevo 1.3 HP,bla,gris,Deportes,659800,140
KIND5200,Desbrozadora Desmalezadora 52cc Motor 2 tiempos 2.5 HP + Carrete Hilo Amarillo KIND5200 Kingsman,bla,gris,FerreterÃ­a,659600,82
KHSPRING2B,Colchon 16cm resortes Matrimonial Blanco,bla,gris,Colchones,650690,225
KHCESP12MB,ColchÃ³n Colchoneta Matrimonial En Caja Espuma Memory Foam,bla,gris,Colchones,639680,336
KHSOFABEDGC,Sofa Cama Contemporaneo KingsHouse,bla,gris,Muebles,626780,73
DNG-GLAZI6-NEG,Juego De Comedor Mesa Con 6 Sillas Glazia Caja 1,bla,gris,Muebles,619900,65
CP3DREAM100,Colchon plegable en 3 partes 100cm COLORDREAMS,bla,gris,Colchones,619600,834
SH18-MAD,Mueble Zapatero MDP Para 18 Pares,bla,gris,Muebles,591680,99
SH18-BLA,Mueble Zapatero MDP Para 18 Pares,bla,gris,Muebles,591680,355
DUOSPRING20,Colchon 20cm resortes pocket coil Matrimonial Spring Series ColorDreams,bla,gris,Colchones,569850,444
KHCESP12SB,ColchÃ³n Colchoneta Individual En Caja 80x190 Espuma Memory,bla,gris,Colchones,559600,297
CP3DREAM80,Colchon plegable en 3 partes 80cm COLORDREAMS,bla,gris,Colchones,545580,509
KHSOFARG,Sillon Reclinable Contemporaneo,bla,gris,Muebles,539880,104
KH3PLBB,SALA ESQUINA IZQUIERDA PARA EXTERIORES JARDIN RATTAN,bla,gris,JardÃ­n,529900,390
KH3PLBBL,SALA ESQUINA DERECHA PARA EXTERIORES JARDIN RATTAN,bla,gris,JardÃ­n,529900,287
KH3PLGB,SALA ESQUINA IZQUIERDA PARA EXTERIORES JARDIN RATTAN,bla,gris,JardÃ­n,529900,339
KH3PLGBL,SALA ESQUINA DERECHA PARA EXTERIORES JARDIN RATTAN,bla,gris,JardÃ­n,529900,315
ETRAIL-6B,Bicicleta Electrica Con BaterÃ­a De 350W ETRAIL R29 Neon,bla,gris,Deportes,508455,81
ETRAIL-6G,Bicicleta Electrica Con BaterÃ­a De 350W ETRAIL R29 Neon,bla,gris,Deportes,508455,57
HIDROKING2200RC,Hidrolavadora ElÃ©ctrica Portatil 2200 Psi 2000w + Accesorios,bla,gris,FerreterÃ­a,499750,830
KINGCEB3,Caminadora Electrica Plegable Color Negro Kingsports,bla,gris,Deportes,499681,20
KHSOFARB,Sillon Reclinable Contemporaneo,bla,gris,Muebles,494890,391
FWL30,Ventilador De Pared Industrial 30 Pulgadas Aluminio Kingsman,bla,gris,ElectrodomÃ©sticos,482790,8
TOPPER2M,Colchoneta Topper Cubrecolchon Matrimonial 5cm,bla,gris,Colchones,477950,2124
KINGSPRING,Colchon 30cm resortes pocket coil King Spring Series ColorDreams,bla,gris,Colchones,468930,108
XTRAIL-2B,Bicicleta De MontaÃ±a Rodada 29 Frenos Shimano 21V Aluminio,bla,gris,Deportes,461880,252
DNG-ROBLE1-BEI,Juego De Comedor Mesa Con 4 Sillas Roble,bla,gris,Muebles,455810,225
DNG-ROBLE1-MAR,Juego De Comedor Mesa Con 4 Sillas Roble,bla,gris,Muebles,455810,542
CENEX45,Caminadorra Electrica Nex 4.5 HP,bla,gris,Deportes,454965,128
VOLTFRI50,Frigobar 50 Litros 127V Puerta Reversible Voltio,bla,gris,ElectrodomÃ©sticos,449850,132
KHMESAX4SMN,Sillas De Comedor y Mesa Metal Cocina Cafeteria Restaurante,bla,gris,Muebles,447840,82
EBIKE500-GN,Bicicleta ElÃ©ctrica con canastilla delantera baterÃ­a 500W,bla,gris,Deportes,443960,39
EBIKE500-VN,Bicicleta ElÃ©ctrica con canastilla delantera baterÃ­a 500W,bla,gris,Deportes,443960,50
DUOSPRING,Colchon 30cm resortes pocket coil Matrimonial Spring Series ColorDreams,bla,gris,Colchones,439920,134
SOLOSPRING20,Colchon 20cm resortes pocket coil Individual Spring Series ColorDreams,bla,gris,Colchones,434850,644
KMPR12T,Prensa hidraulica 12 toneladas KINGSMAN,bla,gris,FerreterÃ­a,433330,103
CENUVA5,Caminadora Electrica Monitor Nuva 2 HP,bla,gris,Deportes,422910,620
SPRINGDUO16,Colchon 16cm resortes MATRIMONIAL ColorDreams,bla,gris,Colchones,419800,433
KINGSPRING20,Colchon 20cm resortes pocket coil King Spring Series ColorDreams,bla,gris,Colchones,412425,162
300143,Rack Mueble Multiusos Cajon Repisas Microondas Cocina Hogar,bla,gris,Muebles,409907,200
KINGSDSBRO5N1,Desbrozadora Gasolina 5 en 1 Accesorios 52cc 2.5HP Motor 2T,bla,gris,JardÃ­n,402870,12
DNG-SALVIA1-BEM,Juego De Comedor Mesa Con 4 Sillas Con Respaldo Salvia,bla,gris,Muebles,401390,425
BEDCOU1-MAD,Cama Matrimonial Con Cajones,bla,gris,Muebles,399960,82
BIFIPRO-18,Bicicleta Fija Spinning Pro 18 kg,bla,gris,Deportes,399960,0
XTRAIL-1G,Bicicleta De MontaÃ±a R26 Freno Disco Shimano 21 Velocidades,bla,gris,Deportes,399875,58
FWL26,Ventilador De Pared Industrial 26 Pulgadas Aluminio Kingsman,bla,gris,ElectrodomÃ©sticos,359820,85
CP3DREAM120,Colchon plegable en 3 partes 120cm COLORDREAMS,bla,gris,Colchones,356790,364
SOFARE-GRI,Sofa Sillon Reclinable,bla,gris,Muebles,350910,138
DNG-MINE4-GRI,Juego De Comedor Mesa Con 4 Sillas Piedra Sintetica Mineral Caja 3,bla,gris,Muebles,349930,110
DNG-MINE4-BEI,Juego De Comedor Mesa Con 4 Sillas Piedra Sintetica Mineral Caja 3,bla,gris,Muebles,349930,78
KHCESP12IB,Colchoneta ColchÃ³n Individual Caja 8cm Memory Foam Espuma,bla,gris,Colchones,349750,84
ETRAIL-9B,Bicicleta Electrica Con BaterÃ­a De 350W ETRAIL R27.5 Neon,bla,gris,Deportes,347970,109
RUMB30,"Set de 3 Maletas RÃ­gidas ABS Rumbo 20/24""/28"" Azul Real""",bla,gris,Equipaje y bolsas,341820,90
RUMOR30,Set de 3 Maletas RigÃ­das ABS Rumbo,bla,gris,Equipaje y bolsas,341820,90
KHSOFASERENDG,NULL,bla,gris,Muebles,335940,0
40137-SZ,Mueble Zapatero Zapatera Organizador Madera 18 Pares Hogar,bla,gris,Muebles,332310,352
ETRAIL-8G,Bicicleta Electrica Con BaterÃ­a De 250W ETRAIL R27.5 Neon,bla,gris,Deportes,329970,16
GAS-GEN3000,Generador A Gasolina Inverter 3000W Open Frame,bla,gris,FerreterÃ­a,323940,84
KHMESAX4S,Comedor de 4 Sillas Mesa Madera Cocina Restaurante Cafeteria,bla,gris,Muebles,323865,437
SOLOSPRING,Colchon 30cm resortes pocket coil Individual Spring Series ColorDreams,bla,gris,Colchones,314925,181
XTRAIL-2OR,Bicicleta De MontaÃ±a Rodada 29 Frenos Shimano 21V Aluminio,bla,gris,Deportes,307920,89
BAMBYFLEX360,Autoasiento 360 Para Carro Con Sistema Seguridad Coche Bebes,bla,gris,BebÃ©s,307890,0
QUEENSPRING20,Colchon 20cm resortes pocket coil Queen Spring Series ColorDreams,bla,gris,Colchones,304430,127
KING1000,Generador Portatil A Gasolina 110v 2.9Hp Corriente Electrica,bla,gris,FerreterÃ­a,299900,108
VINTA-L,Bicicleta Urbana Con Canastilla VINTA R26 Neon,bla,gris,Deportes,288645,158
KHSOFABEDPLM,Sofa Cama Doble Sillon Plegable Matrimonial Colchon,bla,gris,Muebles,287880,155
RUMGR30,Set de 3 Maletas RigÃ­das ABS Rumbo,bla,gris,Equipaje y bolsas,284850,147
QUEENSPRING,Colchon 30cm resortes pocket coil Queen Spring Series ColorDreams,bla,gris,Colchones,283450,47
LIV-SILVER4-GRI,Sala para exterior silver,bla,gris,Muebles,279920,137
ETRAIL-8L,Bicicleta Electrica Con BaterÃ­a De 250W ETRAIL R27.5 Neon,bla,gris,Deportes,274975,66
ETRAIL-8O,Bicicleta Electrica Con BaterÃ­a De 250W ETRAIL R27.5 Neon,bla,gris,Deportes,274975,61
VINTA-R,Bicicleta Urbana Con Canastilla VINTA R26 Neon,bla,gris,Deportes,274900,140
KINGFCLNLB,VENTILADOR DE TECHO 56 PULGADAS CON LUZ Kingsman,bla,gris,ElectrodomÃ©sticos,272610,100
DRESMULTI6-BLA,Mueble Armario Ropero Closet Multiusos 6 Puertas Mdp Caja 1,bla,gris,Muebles,267735,231
DRESMULTI6-CAF,Mueble Armario Ropero Closet Multiusos 6 Puertas Mdp Caja 1,bla,gris,Muebles,267735,49
DRESMULTI3-CAF,Mueble Armario Ropero Closet Multiusos 3 Puertas Mdp,bla,gris,Muebles,260010,218
KH4PLMC,Sala rattan para exterior con almohadones cushion 4pz (2cajas),bla,gris,Muebles,259980,76
XTRAIL-4B,Bicicleta De MontaÃ±a Doble SuspensiÃ³n Rodada 29 Aluminio,bla,gris,Deportes,259950,70
LIV-SUMMER4-NEG,Sala para exterior con almohadones summer,bla,gris,Muebles,249950,54
SOFAMIA-GRO,Sofa Cama Mia 2 Cuerpos,bla,gris,Muebles,249900,295
DNG-GLAZI6-MAR,Juego De Comedor Mesa Con 6 Sillas Glazia Caja 1,bla,gris,Muebles,247960,18
KINGDSET6,Juego De Jardin 6 Piezas Sillas Exterior Mesa Con Sombrilla,bla,gris,JardÃ­n,246935,245
KINGSPODA18,Podadora De Cesped A Gasolina 5HP 139CC Corte 18 Pulgadas 5 Posiciones Kingsman,bla,gris,JardÃ­n,245940,8
BEDRM3-BLA,Juego de dormitorio ropero comoda y buro,bla,gris,Muebles,244930,249
BEDRM3-CHO,Juego de dormitorio ropero comoda y buro,bla,gris,Muebles,244930,98
XTRAIL-1BL,Bicicleta De MontaÃ±a R26 Freno Disco Shimano 21 Velocidades,bla,gris,Deportes,239925,45
TOPPER4K,Colchoneta Topper Cubrecolchon King Size 5cm,bla,gris,Colchones,239800,367
KINGCEP4,Caminadora Electrica Plegable KingSports,bla,gris,Deportes,234229,0
GAS-GEN2000,Generador A Gasolina Inverter 2000W Closed Frame,bla,gris,FerreterÃ­a,230970,46
HIDRO-GAS3200,Hidrolavadora A Gasolina 7HP 3200 PSI,bla,gris,FerreterÃ­a,227465,210
SOB-GALA2-GRI,Sofa cama gala 2 piezas,bla,gris,Muebles,224955,21
KHMESAX4SNE,Comedor de 4 Sillas Mesa Madera Cocina Restaurante Cafeteria,bla,gris,Muebles,224900,61
TOPPER1I,Colchoneta Topper Cubrecolchon Individual Memory Foam 5cm,bla,gris,Colchones,224700,666
KHSOFASERENG,SofÃ¡ Cama Reclinable Silla Convertible SillÃ³n Sala Moderna,bla,gris,Muebles,223960,0
300050,Patin Traspaleta Hidraulico Capacidad 3 T Rueda Poliuretano,bla,gris,FerreterÃ­a,219960,102
DNG-SALVIA1-BEG,Juego De Comedor Mesa Con 4 Sillas Con Respaldo Salvia,bla,gris,Muebles,218940,0
KH3PLNC,Sala rattan para exterior con almohadones cushion 3pz,bla,gris,Muebles,217475,33
KH4PLN,Sala Exterior Para JardÃ­n Textil 4 Pzas,bla,gris,Muebles,217195,317
GAS-GEN3500,Generador A Gasolina Inverter 3500W Closed Frame,bla,gris,FerreterÃ­a,213980,29
28117EH-INTEX,Alberca Piscina Inflable Easy Set 305 X 61 Cm + Bomba Intex,bla,gris,JardÃ­n,213655,189
KHSOFABEDPLI,Sofa Cama Doble Sillon Plegable Individual Colchon,bla,gris,Muebles,212635,99
DPBI00030000,Bote Yate 6 Personas De Lujo Con 2 Hieleras Inflable Playa,bla,gris,JardÃ­n,209970,67
FLR24,Ventilador De Piso Industrial 24 Pulgadas Aluminio Kingsman,bla,gris,ElectrodomÃ©sticos,208165,137
XTRAIL-1W,Bicicleta De MontaÃ±a R26 Freno Disco Shimano 21 Velocidades,bla,gris,Deportes,207935,48
XTRAIL-3G,Bicicleta De MontaÃ±a R26 Freno Disco Shimano 21 Vel Aluminio,bla,gris,Deportes,207845,176
VINTA-M,Bicicleta Urbana Con Canastilla VINTA R26 Neon,bla,gris,Deportes,206175,249
KMPR20T,Prensa HidrÃ¡ulica 20 Ton Gato HidrÃ¡ulico Acero Industrial,bla,gris,FerreterÃ­a,204950,134
SPRINGSINGLE16,Colchon 16cm resortes INDIVIDUAL ColorDreams,bla,gris,Colchones,203880,120
TWR32,Ventilador de torre 34 pulgadas con control remoto Voltio,bla,gris,ElectrodomÃ©sticos,201320,766
LIV-SUNSET4-BEI,Sala para exterior con almohadones sunsent,bla,gris,Muebles,199980,18
LIV-SUNSET4-VER,Sala para exterior con almohadones sunsent,bla,gris,Muebles,199980,14
SOFA-REVE3P-BEI,Sofa sala esquinera reversible izquierda o derecha 3 plazas,bla,gris,Muebles,199975,156
SOFA-REVE3P-GRI,Sofa sala esquinera reversible izquierda o derecha 3 plazas,bla,gris,Muebles,199975,131
SOFALUXE-BEI,Sofa Sillon Reclinable Luxe Caja 1,bla,gris,Muebles,199960,0
COMBO-COLEMAN-04,NULL,bla,gris,JardÃ­n,199900,95
DNG-LIZO4-GRI,Juego De Comedor Mesa Con 4 Sillas Lizo Caja 1,bla,gris,Muebles,193470,62
KMBCF38G,Caja Fuerte Biometrica Grande Digital Huella De Seguridad,bla,gris,Otros,191880,49
DNG-SUNSET5-BEI,Juego De Comedor Mesa Con 5 Sillas Sunset,bla,gris,Muebles,189980,21
DNG-SUNSET5-VER,Juego De Comedor Mesa Con 5 Sillas Sunset,bla,gris,Muebles,189980,42
300588,Escritorio Con Repisas y Cajones Para Computadora Estudiante,bla,gris,Muebles,188865,663
67472-BEST,ColchÃ³n Inflable Matrimonial Con Bomba Aire Pavillo Bestway,bla,gris,JardÃ­n,187250,147
VOLTFRI90,Frigobar 90 Litros VOLTFRI90 Voltio,bla,gris,ElectrodomÃ©sticos,182707,22
DNG-LUMI4-BLA,NULL,bla,gris,Muebles,179955,0
DNG-LUMI4-NEG,NULL,bla,gris,Muebles,179955,0
KHSOFABED2GO,Sofa Cama Contemporaneo KingsHouse,bla,gris,Muebles,173789,0
XTRAIL-2G,Bicicleta De MontaÃ±a Rodada 29 Frenos Shimano 21V Aluminio,bla,gris,Deportes,173205,50
H1PSVOLTI,Refrigerador 1.6 Pies/47 Litros Con Congelador 1 Puerta 115V,bla,gris,ElectrodomÃ©sticos,171675,341
DRESMULTI2-BLA,Mueble Armario Ropero Closet Multiusos 2 Puertas Mdp,bla,gris,Muebles,169915,426
FVT26,Ventilador Pedestal Industrial 26 Pulgadas De Pie Kingsman,bla,gris,ElectrodomÃ©sticos,169915,80
KHSRO24,Silla De Ruedas Ligera Plegable Traslado Compacta Con Freno,bla,gris,Salud,169900,0
TOPDREAM4K,Colchoneta Cubre Colchon Topper 5cm King Size,bla,gris,Colchones,169900,11
KHSOFASERENB,NULL,bla,gris,Muebles,167970,0
KHLOUNGERLG-KIT2,NULL,bla,gris,JardÃ­n,166455,0
EBIKE800-G,Bicicleta Moto ElÃ©ctrica con caja trasera baterÃ­a 800W,bla,gris,Deportes,164990,101
KINGPUMP65,Motobomba a Gasolina Uso Agricola Autocebante Motor 6.5hp 6L,bla,gris,FerreterÃ­a,161910,100
KINGSHOGA52,Motoperforadora Ahoyadora A Gasolina Motor 2 Tiempos 52CC 2.5HP Con 3 Barrenas Broca de tierra Kingsman,bla,gris,JardÃ­n,159445,2
JAR-MASON8-BAM,Dispensador de bebidas tipo mason jar con base 8 litros,bla,gris,Cocina,156584,17
HIDROKING1500,Hidrolavadora Electrica Portatil 1500 Psi 1400w + Accesorios,bla,gris,FerreterÃ­a,155870,85
67404-BEST,Colchon Inflable Queen Tritech Con Bomba Aire 203cm Bestway,bla,gris,JardÃ­n,154297,41
KHLOUNGERDG,CAMASTRO ESTRUCTURA METALICA Y ASIENTO DE TEXTILENO,bla,gris,JardÃ­n,152915,124
HIDRO-GAS2600,Hidrolavadora A Gasolina 6.5HP 2600 PSI,bla,gris,FerreterÃ­a,152475,50
KH4PLM,Sala Exterior Para JardÃ­n Textil 4 Pzas,bla,gris,Muebles,150062,151
300201-SZ,Mueble Cajonero Comoda Organiador Ropa 8 Cajones 90cm Blanco,bla,gris,Muebles,149950,96
VWINE12,Cava De Vinos Para 12 Botellas VWINE12 VOLTIO,bla,gris,ElectrodomÃ©sticos,149950,120
DRESMULTI2-CHO,Mueble Armario Ropero Closet Multiusos 2 Puertas Mdp,bla,gris,Muebles,149925,138
DRESMULTI2-CAF,Mueble Armario Ropero Closet Multiusos 2 Puertas Mdp,bla,gris,Muebles,149925,185
TOPPER3Q,Colchoneta Topper Cubrecolchon Queen Size 5cm,bla,gris,Colchones,149850,44
300192-SZ,Mueble Armario Closet Multiuso 2 Puertas + Estantes Mdp Casa,bla,gris,Muebles,149435,23
LIV-SUNSET5-BEI,Sala para exterior con almohadones sunsent,bla,gris,Muebles,148485,16
LIV-SUNSET5-VER,Sala para exterior con almohadones sunsent,bla,gris,Muebles,148485,16
100005-SZ,Rack Mueble Con Repisas Multiusos Horno De Microondas Cocina,bla,gris,Muebles,148365,164
KINGSINGLE3,Base Cama Individual Abatible Blanca KingsHouse Desmontable,bla,gris,Muebles,147960,50
67226-BEST,ColchÃ³n Inflable Queen con Bomba de Pie Integrada Bestway,bla,gris,JardÃ­n,146970,191
H1PLVOLTI,Refrigerador 4 Pies/121 Litros Con Congelador 1 Puerta 115V,bla,gris,ElectrodomÃ©sticos,143960,82
TWR291,Ventilador de torre 29 pulgadas con control remoto Voltio,bla,gris,ElectrodomÃ©sticos,143760,438
LIV-TERRA4-MAR,Sala para exterior terra,bla,gris,Muebles,142475,44
KHLOUNGERLG,CAMASTRO ESTRUCTURA METALICA Y ASIENTO DE TEXTILENO,bla,gris,JardÃ­n,142425,371
KHGABH4,NULL,bla,gris,Muebles,141960,21
67631-BEST,ColchÃ³n Inflable Queen Con Bomba Aire Para Acampar Bestway,bla,gris,JardÃ­n,141310,262
HJFPBN000000,Batidora Mezcladora de pedestal (FOOD PROCESSOR),bla,gris,ElectrodomÃ©sticos,141217,77
DNG-ROBLE2-BEI,Juego De Comedor Mesa Con 4 Sillas Roble,bla,gris,Muebles,140195,26
URBAN-B,Bicicleta Plegable Vintage R20 7 Velocidades Aluminio Neon,bla,gris,Deportes,139950,80
URBAN-G,Bicicleta Plegable Vintage R20 7 Velocidades Aluminio Neon,bla,gris,Deportes,139950,85
CLOUDUO15,Colchon 15cm de espuma MATRIMONIAL ColorDreams,bla,gris,Colchones,139930,88
SBCLOUD2B,Sofa cama sillon colchon plegable Matrimonial ColorDreams,bla,gris,Colchones,138215,34
VINTA-B,Bicicleta Urbana Con Canastilla VINTA R26 Neon,bla,gris,Deportes,137450,80
KHMESAX4SMC,Sillas De Comedor y Mesa Metal Cocina Cafeteria Restaurante,bla,gris,Muebles,131553,46
KHSOFALEIADG,SofÃ¡ Cama Silla SillÃ³n Plegable Sala Moderna Velvet + CojÃ­n,bla,gris,Muebles,129980,15
KHSOFALEIAG,NULL,bla,gris,Muebles,129980,0
KHLOUNGERDG-KIT2,NULL,bla,gris,JardÃ­n,129465,0
300298,Mesa Plegable Portatil 180cm Portafolio Tipo Rattan Plastico,bla,gris,Muebles,129064,29
KHMIRRE,Espejo Led BaÃ±o Luz Led W100xH65 Rectangular,bla,gris,Muebles,125930,207
SOFA-SERENE-GRO,Sofa Cama 3 Cuerpos Serene,bla,gris,Muebles,124975,89
KINGBISTRO3DG,JUEGO DE 3 PIEZAS PARA JARDIN MESA + SILLAS,bla,gris,JardÃ­n,123675,234
FLR24Y,Ventilador De Piso Industrial 24 Pulgadas Aluminio Amarillo Kingsman,bla,gris,ElectrodomÃ©sticos,120945,1
KH4PLBC,Sala para exterior acero con almohadones cushion 4pz (2cajas),bla,gris,Muebles,119980,149
BEDSIN1-BLA,Cama Individual Abatible,bla,gris,Muebles,119970,38
SGXMASL210S,ARBOL PINO DE NAVIDAD DECORATIVO NEVADO PREILUMINADO 210 CM,bla,gris,Hogar,119960,108
HIDROKING2000RM,Hidrolavadora ElÃ©ctrica Portatil 2000 Psi Cepillo Accesorios,bla,gris,FerreterÃ­a,119925,16
300142,Escritorio Con Repisas y Cajones Para Computadora Estudiante,bla,gris,Muebles,118915,163
KINGBIFI18,Bicicleta Fija 18 kg EstÃ¡tica Para Spinning Cardio Fitness,bla,gris,Deportes,116970,2
KINGBIFI8,Bicicleta Fija 8 Kg Spinning Cardio Fitness Kingsports,bla,gris,Deportes,114954,69
TOPDREAM2M,Colchoneta Cubre Colchon Topper 5cm Matrimonial,bla,gris,Colchones,114900,71
XTRAIL-3B,Bicicleta De MontaÃ±a R26 Freno Disco Shimano 21 Vel Aluminio,bla,gris,Deportes,113370,125
XTRAIL-1O,Bicicleta De MontaÃ±a R26 Freno Disco Shimano 21 Velocidades,bla,gris,Deportes,111965,0
28131-INTEX,Piscina Alberca Redonda Inflable Easy Set 3.6m X 76cm Intex,bla,gris,JardÃ­n,111960,152
KHMESHB,Silla de Escritorio Ergonomica Negra Tapizado Mesh Oficina,bla,gris,Muebles,111840,130
TOLIXKIT#4-BA2NEM,NULL,bla,gris,Muebles,109960,0
DRESMULTI2-NOG,Mueble Armario Ropero Closet Multiusos 2 Puertas Mdp,bla,gris,Muebles,109945,79
CHEST-L5H-BEI,Mesa Comoda De Tela Con 5 Cajones Horizontal,bla,gris,Muebles,109900,210
CHEST-L5H-GRI,Mesa Comoda De Tela Con 5 Cajones Horizontal,bla,gris,Muebles,109900,321
SWG-SUMMER-GRI,Columpio para exterior summer,bla,gris,Muebles,107960,12
KINGSCOFFETABLE1,Mesa De Centro Elevable De Madera Con Compartimento Oculto,bla,gris,Muebles,106140,179
KINGSCOFFETABLE2,Mesa De Centro Elevable De Madera Con Compartimento Oculto,bla,gris,Muebles,106140,103
KINGSDESBROP,Desbrozadora Gasolina 52cc 2.5 HP Podadora Con Accesorios,bla,gris,JardÃ­n,101940,42
SOFA-SERENE-BEI,Sofa Cama 3 Cuerpos Serene,bla,gris,Muebles,99980,148
SOFA-SERENE-GRI,Sofa Cama 3 Cuerpos Serene,bla,gris,Muebles,99980,39
VOEPPRO4,Escalera Plegable Aluminio 4 Escalones Fold A Step PortÃ¡til,bla,gris,Escaleras,99950,197
BATH-MI60-MAD,BotiquÃ­n Con Espejo Para BaÃ±o 60 cm,bla,gris,Muebles,98940,75
KINGDSET6G,Juego De Jardin 6 Piezas Sillas Exterior Mesa Con Sombrilla,bla,gris,JardÃ­n,98774,38
BAMBYFLEX,Autoasiento Para Carro Silla de Bebe Seguridad 9m A 11 AÃ±os,bla,gris,BebÃ©s,98724,108
BAMBYFLEX360G,Autoasiento 360 Para Carro Con Sistema Seguridad Coche Bebes,bla,gris,BebÃ©s,97965,1
URBAN-O,Bicicleta Plegable Vintage R20 7 Velocidades Aluminio Neon,bla,gris,Deportes,97965,70
DNG-LIZO4-GRO,Juego De Comedor Mesa Con 4 Sillas Lizo Caja 1,bla,gris,Muebles,96735,17
COLORINOX7M,Bateria De Cocina 7 Pzas Acero Inoxidable Tricapa Colorhome,bla,gris,Cocina,94900,0
XTRAIL-3L,Bicicleta De MontaÃ±a R26 Freno Disco Shimano 21 Vel Aluminio,bla,gris,Deportes,94475,22
JAR-MASON5-MET,Dispensador de bebidas tipo mason jar con base 5 litros,bla,gris,Cocina,93765,500
XTRAIL-4G,Bicicleta De MontaÃ±a Doble SuspensiÃ³n Rodada 29 Aluminio,bla,gris,Deportes,93582,18
DNG-GLAZI6-GRI,Juego De Comedor Mesa Con 6 Sillas Glazia Caja 1,bla,gris,Muebles,92985,25
57275-BEST,Alberca Fast Set Semi Inflable 366cm Circular Bomba Bestway,bla,gris,JardÃ­n,91960,85
VNT-PROSIL-WTH-MUS,NULL,bla,gris,Hogar,91350,337
CHEST-L5V-GRI,Mesa Comoda De Tela Con 5 Cajones Vertical,bla,gris,Muebles,89910,34
CHEST-L5V-BEI,Mesa Comoda De Tela Con 5 Cajones Vertical,bla,gris,Muebles,89910,201
BAMBYMOON30,ColchÃ³n Cuna - 70x130x10cm MEDIUM BAMBYMOON30 BAMBY,bla,gris,Colchones,88110,183
TWR29,Ventilador de torre 29 pulgadas silencioso giratorio Voltio,bla,gris,ElectrodomÃ©sticos,88020,282
KMUTC3,Carro de servicio de 3 niveles KINGSMAN,bla,gris,Otros,87890,1
2160832,Hielera Coleman Con Ruedas Portavasos 60qt 56l Para 94 Latas,bla,gris,JardÃ­n,87169,9
BAMBYDREAM40,ColchÃ³n Cuna - 80x140x15cm LARGE BAMBYDREAM40 BAMBY,bla,gris,Colchones,86940,154
KTM0018-KLE,KIT Pinza Electricista Con Probador De Voltaje Sin Contacto,bla,gris,FerreterÃ­a,84370,158
BATH-MI60-BLA,BotiquÃ­n Con Espejo Para BaÃ±o 60 cm,bla,gris,Muebles,82450,124
300244-SZ,Mesa Escritorio Gamer Mueble Juvenil De Computadora Moderno,bla,gris,Muebles,80548,138
BAMBYDREAM20,ColchÃ³n de Cuna - 60x120x15cm SMALL BAMBYDREAM20 BAMBY,bla,gris,Colchones,79920,134
28107EH-INTEX,Alberca Piscina Inflable Circular 2.44 M Easy + Bomba Intex,bla,gris,JardÃ­n,79762,84
CHEST-M4-BEI,Mesa Comoda De Tela Con 4 Cajones,bla,gris,Muebles,78900,243
CHEST-M4-GRI,Mesa Comoda De Tela Con 4 Cajones,bla,gris,Muebles,78900,114
COLORCONT5G,Juego de Contenedores Hermeticos Recipiente de Vidrio 5pzas,bla,gris,Cocina,78575,55
BAMBYFLEXG,Autoasiento Para Carro Silla de Bebe Seguridad 9m A 11 AÃ±os,bla,gris,BebÃ©s,77940,78
KINGFCLNB,VENTILADOR DE TECHO 56 PULGADAS Kingsman,bla,gris,ElectrodomÃ©sticos,77870,1111
BAMBYBASIC,ColchÃ³n Cuna â€“ 70x100x7cm STANDAR BAMBYBASIC BAMBY,bla,gris,Colchones,77503,15
KMMC36,"Cama para mecanico 36 KINGSMAN""",bla,gris,Otros,76860,200
BAMBYDREAM40X,ColchÃ³n Cuna - 95x140x15cm EXTRA LARGE BAMBYDREAM40X BAMBY,bla,gris,Colchones,76455,105
KINGSPLT25,PatÃ­n HidrÃ¡ulico Transpaleta De 2 Ton Acero Uso Rudo Tarima,bla,gris,NULL,75981,17
HSO-8013-SYN,Pack Soplador Electrico 1100W E Hidrolavadora 1200W,bla,gris,FerreterÃ­a,75960,95
2094860-CON,Termo Acero Inox Sistema Snapseal Byron 710 Ml Contigo,bla,gris,JardÃ­n,75810,58
COLORINOX11C,Bateria De Cocina 11Pzas Acero Inoxidable Tricapa Colorhome,bla,gris,Cocina,74950,4
KINGBISTRO3LG,JUEGO DE 3 PIEZAS PARA JARDIN MESA + SILLAS,bla,gris,JardÃ­n,74205,80
COLORINOX11G,Bateria De Cocina 11Pzas Acero Inoxidable Tricapa Induccion,bla,gris,Cocina,71955,14
BAMBYGO,ColchÃ³n Cuna De Viaje - 68x95x6cm TRIP BAMBYGO BAMBY,bla,gris,Colchones,71900,92
KINGDIPLE120,Diablito de Carga Extensible Carrito Plegable 100kg Kingsman,bla,gris,FerreterÃ­a,71880,190
FLR30Y,Ventilador De Piso Industrial 30 Pulgadas Aluminio Amarillo Kingsman,bla,gris,ElectrodomÃ©sticos,71372,7
KINGSRACK4,Rack Multiusos para Cocina 4 Repisas para Horno de Microondas y GarrafÃ³n con ExtensiÃ³n de Repisa LFN,bla,gris,Muebles,70929,45
67224-BEST,Colchon Inflable Individual Bomba Aire de Pie 67224 Bestway,bla,gris,JardÃ­n,70020,365
100007-SZ,Escritorio De Computadora Repisas Cajones Estudiantil Hogar,bla,gris,Muebles,69960,228
CLOUDSINGLE15,Colchon 15cm de espuma INDIVIDUAL ColorDreams,bla,gris,Colchones,69705,43
KMBCF35G,Caja fuerte Biometrica Mediana Digital Huella De Seguridad,bla,gris,Otros,68940,84
H1PSVOLTB,Refrigerador 1.6 Pies/47 Litros Con Congelador 1 Puerta 115V,bla,gris,ElectrodomÃ©sticos,68670,31
KMCF23N,Caja Fuerte Negra De Seguridad Digital Con Llave PequeÃ±a,bla,gris,NULL,67350,131
53068-BEST,Centro Juego Acuatico Alberca Inflable Play Center Bestway,bla,gris,JardÃ­n,66760,81
SOB-VEGA3-GRI,Sofa cama vega,bla,gris,Muebles,65978,5
HIDROKING1300,Hidrolavadora Electrica Portatil 1300 Psi 1200w + Accesorios,bla,gris,FerreterÃ­a,65940,30
KINGCHEST5,Comoda Cajonera de 5 Cajones Mueble Organizador Tela Madera,bla,gris,Muebles,65940,66
KINGBUNK4,Litera Doble Individual Base Cama KingsHouse Desmontable,bla,gris,Muebles,65235,9
BAMBYFLEXR,Autoasiento Para Carro Silla de Bebe Seguridad 9m A 11 AÃ±os,bla,gris,BebÃ©s,64950,127
VNT-PROSIL-BLK-MUS,NULL,bla,gris,Hogar,64893,96
300197-SZ,Mueble Mesa Rack Modular Television 7 Repisas Ruedas 180 Cm,bla,gris,Muebles,64715,125
TOLIXKIT#4-CLA2NEM,NULL,bla,gris,Muebles,63980,0
VOEPPRO5,Escalera Plegable Aluminio 5 Escalones Fold A Step PortÃ¡til,bla,gris,Escaleras,62970,88
57183NP-INTEX,Alberca Piscina Familiar Canasta De Basketball Hogar Intex,bla,gris,JardÃ­n,62955,73
COLORINOX12,Bateria De Cocina 12 Piezas Acero Inox Triple Capa Induccion,bla,gris,Cocina,62955,2
BATH-MI60-LED,Espejo Para BaÃ±o Luz Lez Redondo 60 cm,bla,gris,Muebles,62940,261
KMET50,Escalera Telescopica Retractil Aluminio 13 Escalones 5 m RY-1350 Kingsman,bla,gris,FerreterÃ­a,61215,25
BATH-MI75-MAD,BotiquÃ­n Con Espejo Para BaÃ±o 75 cm,bla,gris,Muebles,61215,117
2160823,Hielera Coleman Portatil Con Asa 9qt 8 Litros Para 10 Latas,bla,gris,JardÃ­n,61098,48
28040-INTEX,Cobertor Cubierta Alberca Circular Delux Ultra 4.88m Intex,bla,gris,JardÃ­n,59970,60
2094865-CON,Termo 20oz 591 Ml Tipo Taza Acero Inox Frio Caliente Contigo,bla,gris,JardÃ­n,59850,282
28022-INTEX,Cubierta Cobertor Tapa Para Alberca Redonda Azul 360cm Intex,bla,gris,JardÃ­n,59220,673
KINGPRESSB,Banco Para Pesas Plegable Inclinado Entrenamiento Fitnness,bla,gris,Deportes,58455,184
SFDHERGBN350A-BEL,Pistola Impacto Disparador Fijacion 8mm 3in Gb-350a Gram-bel,bla,gris,FerreterÃ­a,57980,11
KMCF23NR,Caja Fuerte Digital Kingsman Negro Alcancia Metal 17x23x17,bla,gris,Otros,57472,80
300485,Polipasto Manual Garrucha Carga 2 Toneladas Cadena 5 Metros,bla,gris,FerreterÃ­a,57450,159
KINGBIFI1,Bicicleta Fija Para Spinning Cardio Fitness Kingsports,bla,gris,Deportes,56994,11
HJCWWB010000,Closet Ropero Armable Armario 2 A 4ft Ajustable Reforzado,bla,gris,Hogar,56940,251
JAR-MASON8-2,Dispensador de bebidas tipo mason jar con base 8 litros 2 piezas,bla,gris,Cocina,56074,26
2094861-CON,Termo Acero Inox Sistema Snapseal Byron 710 Ml Contigo,bla,gris,JardÃ­n,55860,202
CONT-HERMET5,Juego de contenedores hermeticos 5 piezas,bla,gris,Cocina,55350,223
TOLIXKIT#4-BA2BLA,NULL,bla,gris,Muebles,54980,0
KINGCHEST5GN,Comoda Cajonera de 5 Cajones Mueble Organizador Tela Madera,bla,gris,Muebles,54950,46
KINGFCLNBKIT3,NULL,bla,gris,ElectrodomÃ©sticos,53955,20
TOLIXKIT#4-CLA1ROJ,NULL,bla,gris,Muebles,52980,0
SOFA-LEIA-GRI,Sofa Cama 3 Cuerpos Con Almohadones 5 Piezas Leia,bla,gris,Muebles,52792,31
SOFA-LEIA-VER,Sofa Cama 3 Cuerpos Con Almohadones 5 Piezas Leia,bla,gris,Muebles,52792,15
KHMIRRE2,Espejo Con Luz Led Rectangular De 120x65 cm Touch BaÃ±o Pared,bla,gris,Muebles,52470,79
KINGCHEST5-1G,Comoda Cajonera 5 Cajones Mueble Organizador de Tela Madera,bla,gris,Muebles,52450,117
TOLIXKIT#4-BA2ROJ,NULL,bla,gris,Muebles,51980,0
TOLIXKIT#4-CLA1BLA,NULL,bla,gris,Muebles,51980,0
KINGPRESSM6,Ejercitador Aparato Banco Multifuncional Abdomen Brazos 6en1,bla,gris,Deportes,51705,221
DPBMBP000001,Banco Multiposiciones con polea para Gym,bla,gris,Deportes,50980,120
2180606,Hielera Flexible Lonchera PRO SOFT COOLER 16 Latas Coleman,bla,gris,Deportes,50970,39
TOPDREAM1I,Colchoneta Cubre Colchon Topper Memory Foam 5cm Individual,bla,gris,Colchones,49950,96
SKYROUNDST36B,BANCO GIRATORIO 360 REDONDO,bla,gris,Hogar,48965,87
SKYROUNDST36W,BANCO GIRATORIO 360 REDONDO,bla,gris,Hogar,48965,134
706632-PEL,Escalera 1 Escalon Mini Linea Casa Azul PeldaÃ±os,bla,gris,FerreterÃ­a,48951,47
HJBOEL000000,Inflador ElÃ©ctrico,bla,gris,JardÃ­n,48860,267
KMMC40,"Cama para mecanico 40 KINGSMAN""",bla,gris,Otros,48675,24
06019G80G1-BOS,Atornillador Taladro InalÃ¡mbrico BaterÃ­a 12V Bosch GSR120-Li,bla,gris,FerreterÃ­a,47970,43
GB-100S-BEL,Herramienta de FijaciÃ³n 8 mm GB-100S Gram-Bel,bla,gris,FerreterÃ­a,47970,1
2204456-CON,Termo Para Agua 40oz 1.18Lt Acero Inox Streeterville Contigo,bla,gris,Hogar,47610,337
VWINE8,Cava De Vinos Para 8 Botellas VWINE8 VOLTIO,bla,gris,ElectrodomÃ©sticos,45581,16
2094853-CON,Termo Acero Inoxidable Sistema Snapseal Byron 591 Ml Contigo,bla,gris,JardÃ­n,45370,49
KHSO113,Silla de Escritorio Ejecutiva Ergonomica Ajustable Negro,bla,gris,Muebles,44955,0
BAMBYNOOZ3,Corral Cuna Bebe Viaje Plegable,bla,gris,BebÃ©s,44603,71
KINGSINGLE5,Base Cama Individual Con Cajones KingsHouse Recamara,bla,gris,NULL,44388,17
VINTA-N,Bicicleta Urbana Con Canastilla VINTA R26 Neon,bla,gris,Deportes,43984,5
BATH-MI75-BLA,BotiquÃ­n Con Espejo Para BaÃ±o 75 cm,bla,gris,Muebles,43725,102
DREAMSPEDIC,Almohada Ortopedica Memory Foam Estandar DREAMSPEDIC Colordreams,bla,gris,Colchones,43625,123
300322,Gabinete Rack Organizador Estante Repisas Microondas Cocina,bla,gris,Muebles,43470,29
B1275-SZ,Combo Escritorio + Estante 3 Niveles + Estante Casa Oficina,bla,gris,Muebles,43168,41
FVT30,Ventilador Pedestal Industrial 30 Pulgadas De Pie Kingsman,bla,gris,ElectrodomÃ©sticos,42980,3
SBCLOUDB,Sofa cama sillon colchon plegable Individual ColorDreams,bla,gris,Colchones,41988,8
2194261-CON,Termo Acero Inox Sistema Snapseal Byron 710 Ml Contigo,bla,gris,JardÃ­n,41895,0
300191-SZ,Mueble Armario Closet Multiuso 2 Puertas + Estantes Mdp Casa,bla,gris,Muebles,41382,0
KINGSVIBC6,Vibrador de Concreto A Gasolina 6.5 HP con Chicote 6 mts Kingsman,bla,gris,FerreterÃ­a,40792,4
JAR-MASON4,Dispensador de bebidas tipo mason jar 4 litros,bla,gris,Cocina,40089,365
KINGSINGLE4,Base Cama Individual Con Cajones KingsHouse Recamara,bla,gris,NULL,39990,19
TOLIXKIT#2-CLA2NEM,NULL,bla,gris,Muebles,39980,0
KINGCHEST2W,Comoda Cajonera de 2 Cajones Mesita de Noche Estante Abierto,bla,gris,Muebles,39950,132
HJPEPM280002,Persiana Horizontal Enrollable Pvc 160x120 Ajustable Moderna,bla,gris,Hogar,39900,78
2158120,Hielera Flexible con Ruedas y Asa 42 latas Azul Coleman,bla,gris,Deportes,38970,78
B1276-SZ,Escritorio + Estante De 3 Niveles + Estante 1 Nivel Para Estudiante,bla,gris,Muebles,38970,26
2204453-CON,Termo Para Agua 40oz 1.18Lt Acero Inox Streeterville Contigo,bla,gris,Hogar,37030,322
2198356-CON,Termo Botella De Agua 32 Oz Acero Inox Autopop Contigo,bla,gris,Hogar,36985,156
2199282-CON,Termo Botella De Agua 32 Oz Acero Inox Autopop Contigo,bla,gris,Hogar,36985,164
67004-BEST,Colchon Inflable Kingsize Bestway 67004 Para Campismo,bla,gris,JardÃ­n,36783,70
URBAN-L,Bicicleta Plegable Vintage R20 7 Velocidades Aluminio Neon,bla,gris,Deportes,36387,9
BAMBYDREAM30,ColchÃ³n Cuna - 70x130x15cm MEDIUM BAMBYDREAM30 BAMBY,bla,gris,Colchones,35970,110
100006-SZ,Escritorio De Computadora Repisas Cajones Estudiantil Hogar,bla,gris,Muebles,34980,44
300193-SZ,Mueble Armario Closet Multiuso 2 Puertas + Estantes Mdp Casa,bla,gris,Muebles,34485,3
HJSBSB020001,Sombrilla Para Jardin Exterior Plegable 3mts Con Inclinacion,bla,gris,JardÃ­n,34485,16
HJSBSB050001,Sombrilla Para Jardin Exterior Plegable 3mts Con Inclinacion,bla,gris,JardÃ­n,34485,16
KINGMSK400,Careta ElectrÃ³nica para Soldar DiseÃ±os Kingsman,bla,gris,NULL,34350,225
43402-BEST,SillÃ³n Inflable Para Alberca Piscina Con Portavaso Bestway,bla,gris,JardÃ­n,32970,61
KINGCHEST5W,Comoda Cajonera de 5 Cajones Mueble Organizador Tela Madera,bla,gris,Muebles,32970,41
KINGBIFI6,Bicicleta Fija Negra KINGBIFI6 KINGSPORTS,bla,gris,Deportes,32283,5
300257,Banco Alto Respaldo Tipo Tolix Vintage Minimalista Moderno,bla,gris,Muebles,31960,200
KHGMIRM,Espejo Led BaÃ±o Luz Led 50x60 rectangular,bla,gris,Muebles,31960,148
HJAN18050001,Arbol de Navidad 1.80m,bla,gris,Hogar,31960,93
SKYXMASTREE210,"Arbol de navidad 2,10",bla,gris,Hogar,31960,100
KINGPRESST,Estacion Dominadas Banco Ejercicio Musculacion Fitness Gym,bla,gris,Deportes,31788,31
2169466-CON,Termo Acero Inox Sistema Snapseal Byron 473 Ml Contigo,bla,gris,JardÃ­n,31410,130
KMCF23G,Caja Fuerte Negra De Seguridad Digital Con Llave PequeÃ±a,bla,gris,NULL,30981,67
TOLIXKIT#2-CLA2BLA,NULL,bla,gris,Muebles,29985,0
3000006476,Hielera Coleman 61lts Nevera Ruedas Camping Enfriador 65 Qt,bla,gris,JardÃ­n,29980,16
2000037612,Hielera Flexible XPAND SOFT COOLER 30 Latas Coleman,bla,gris,Deportes,29970,88
SHWRCH1,Silla BaÃ±o Ducha Discapacitados Brazos Respaldo,bla,gris,Salud,29970,14
D-37029-MAK,Kit 5 Brocas Multiproposito Omnibohrer Para Taladro Makita,bla,gris,FerreterÃ­a,29700,654
MAGNEKING4KIT,Kit 4 Escuadras Magnetica 4 In 50 Lb 22 Kg Juego Para Soldar,bla,gris,FerreterÃ­a,29590,395
CHEST-M3-GRI,Mesa Comoda De Tela Con 3 Cajones,bla,gris,Muebles,29205,189
CHEST-M3-BEI,Mesa Comoda De Tela Con 3 Cajones,bla,gris,Muebles,29205,112
28026-INTEX,Cobertor Cubierta De Alberca Piscina Easy Set 3.96 M Intex,bla,gris,JardÃ­n,28720,196
29056-INTEX,Kit Limpieza Hojas Alberca Piscina + Cepillo + Cabezal Intex,bla,gris,JardÃ­n,28710,121
2147560,Mochila Hielera tipo Backpack 30 latas Gris Coleman,bla,gris,Deportes,28470,53
KHGABP4,Mueble Gabinete Para BaÃ±o Lavamanos Con Espejo Lavabo Ovalin,bla,gris,Muebles,28392,51
FLR30,Ventilador De Piso Industrial 30 Pulgadas Aluminio Kingsman,bla,gris,ElectrodomÃ©sticos,28039,10
300640,Banco Alto Tolix Vintage Para Comedor Restaurante Exterior,bla,gris,Muebles,27960,0
43554-BEST,Flotador Para Alberca Inflable Almohada Removible Bestway,bla,gris,JardÃ­n,26760,74
TOLIXKIT#4-CLA1NEM,NULL,bla,gris,Muebles,26490,0
2201794-CON,Termo Para Agua 40oz 1.18Lt Acero Inox Streeterville Contigo,bla,gris,Hogar,26450,217
3000006578,Hielera COOLER 52 QT Modelo 3000006578,bla,gris,Deportes,25980,36
KINGSALONSH10,Carrito Organizador EstÃ©tica Multiusos De 10 Niveles Cajones,bla,gris,Belleza y Cuidado Personal,25980,46
COLORCONT4,Juego de Contenedores Canister PlÃ¡stico Premium 4 Piezas COLORCONT4 ColorHome,bla,gris,Cocina,25870,227
BSHD02170001,Difusor Humidificador Usb,bla,gris,Salud,25060,20
KINGCHEST5W-1,Comoda Cajonera de 5 Cajones Tela Estructura Acero Madera,bla,gris,Muebles,24975,31
2158118,Hielera Flex Mochila CHILLER SOFT COOLER 28 Latas Coleman,bla,gris,Deportes,23970,85
BAMBYMOON20,ColchÃ³n Cuna - 60x120x10cm SMALL BAMBYMOON20 BAMBY,bla,gris,Colchones,23970,44
CEC3VOLT,Calefactor Calentador Halogeno Electrico De Cuarzo 3 Niveles,bla,gris,ElectrodomÃ©sticos,23960,64
BAMBYBOOST,Asiento Elevador Coche Para Bebe Booster Carro Cojin Silla,bla,gris,BebÃ©s,23920,151
2164919-CON,Termo 16 Oz Sistema Dual Acero Inox FrÃ­o Caliente Contigo,bla,gris,Hogar,23450,123
HJPEPB010000,Persiana Horizontal Enrollable Pvc 160x120 Ajustable Moderna,bla,gris,Hogar,22740,97
2164911-CON,Termo 18 Oz Sistema Dual FrÃ­o Caliente Acero Inox Contigo,bla,gris,Hogar,22455,112
57441NP-INTEX,Piscina Inflable De Unicornio Redonda NiÃ±os 2.72m Intex,bla,gris,JardÃ­n,22455,64
300227,Soporte Taladro Vertical Con Base Hierro 0 A 60 Mm Ajustable,bla,gris,FerreterÃ­a,22450,369
KINGSALONAUXW1,Carrito Mesa Auxiliar Mueble Multiusos 1 CajÃ³n Spa EstÃ©tica,bla,gris,Belleza y Cuidado Personal,22380,43
DREAMSPEDICQ,Almohada Ortopedica Memory Foam Queen DREAMSPEDICQ Colordreams,bla,gris,Colchones,22140,65
KMCF38N,Caja Fuerte Digital Kingsman Color Negro 30x38x30 Seguridad,bla,gris,Otros,22083,20
SOB-GALA3-GRI,Sofa cama gala 3 piezas,bla,gris,Muebles,21996,23
3000006572,Hielera Coleman 49l Nevera 52qt Gris 80 Latas Portatil Asas,bla,gris,JardÃ­n,21980,0
28048-INTEX,Tapete Protector De Piso Albercas Infables Y Metalicas Intex,bla,gris,JardÃ­n,21160,91
DW1163-DWA,Juego Set Kit De Brocas 13 Piezas Black Oxide Dw1163 Dewalt,bla,gris,FerreterÃ­a,21160,80
2160841,Hielera Coleman Portatil 16qt 15lts Con Asa Para 22 Latas,bla,gris,JardÃ­n,20970,3
66633E-INTEX,Bomba Electrica Para Inflable De Alberca 12 V A 110 V Intex,bla,gris,JardÃ­n,20970,61
KMCF35NR,Caja Fuerte De Seguridad Digital Grande Con Ranura,bla,gris,Otros,20878,0
300150,Broca Carpintero Madera Avellanadora 7 Piezas 1/8 a 3/8in,bla,gris,FerreterÃ­a,20640,902
HJSR2A000003,Sarten De Hierro Fundido 19 Cm Con Asas Rectangular Cocina,bla,gris,Cocina,19920,29
KMEM35,Escalera Multiposiciones De Aluminio 3.5 Metros 12 PeldaÃ±os,bla,gris,FerreterÃ­a,19490,40
52478-BEST,Tobogan Resbaladero Deslizador Tsunami Splash Doble Bestway,bla,gris,JardÃ­n,19470,87
2198410-CON,Taza Termica Termo Contigo Rambler + Tapa Caliente Frio 14oz,bla,gris,JardÃ­n,19140,255
TOLIXKIT#2-BA2ROJ,NULL,bla,gris,Muebles,18990,0
TOLIXKIT#2-BA2NEM,NULL,bla,gris,Muebles,18990,0
2158134,Hielera Flexible CHILLER SOFT COOLER 9 Latas Coleman,bla,gris,Deportes,18760,73
2201793-CON,Termo Para Agua 40oz 1.18Lt Acero Inox Streeterville Contigo,bla,gris,Hogar,18515,176
KINGSTVCABINET3,Rack Mueble para TV con Soporte 32-65 107x40x40 cm Gris ZTM-03A KingsHouse,bla,gris,Muebles,18392,0
56493NP-INTEX,Piscina Alberca Inflabel Piscina Hexagonal Oceano NiÃ±o Intex,bla,gris,JardÃ­n,17980,39
58786EU-INTEX,Alas De Angel Colchon Inflable Para Alberca Playa Intex,bla,gris,JardÃ­n,17980,38
2156382,Hielera Personal Tipo Mochila 6 Latas Azul Coleman,bla,gris,Deportes,17960,73
ADP06-MAK,Fuente de EnergÃ­a InalÃ¡mbrica CXT Litioâ€‘Ion de 12V max ADP06 Makita,bla,gris,FerreterÃ­a,17955,45
BEDRM3-NOG,Juego de dormitorio ropero comoda y buro,bla,gris,Muebles,17495,0
KINGBIFI13,Bicicleta Fija 13 kg EstÃ¡tica Para Spinning Cardio Fitness,bla,gris,Deportes,17495,1
TOLIXKIT#2-BA2BLA,NULL,bla,gris,Muebles,16990,0
TOLIXKIT#2-CLA1BLA,NULL,bla,gris,Muebles,16490,0
TOLIXKIT#2-CLA1NEM,NULL,bla,gris,Muebles,16490,0
TOLIXKIT#2-CLA1ROJ,NULL,bla,gris,Muebles,16490,0
52278-BEST,Centro De Juego Inflable Infantil Excavadora Mobible Bestway,bla,gris,JardÃ­n,16380,44
KINGCHEST2G,Comoda Cajonera con 2 Cajones Buro Mueble de Tela Madera,bla,gris,Muebles,16225,26
2180607,Termo PRO SS Jarra 1/2 Galon Coleman,bla,gris,Deportes,16180,19
TOLIXKIT#4-CLA2BLA,NULL,bla,gris,Muebles,15995,0
2158117,Hielera Personal 30 Latas Coleman Mochila PortÃ¡til Negro,bla,gris,Deportes,15980,51
58412NP-INTEX,Cobertor Rectangular Para Albercas Campismo 305x183 Cm Intex,bla,gris,JardÃ­n,15920,143
58883NP-INTEX,Colchon Asiento Inflable Para Alberca 2colores 58883np Intex,bla,gris,JardÃ­n,15160,35
DREAMSCOVERSG,Edredon C/Funda de Almohada Individual,bla,gris,Hogar,15160,49
2158119,Hielera Flexible CHILLER SOFT COOLER 16 Latas Coleman,bla,gris,Deportes,14970,44
300597,Caja de Llaves para 36 Llaves de 30 cm Combinacion Ts0057 Kingsman,bla,gris,Otros,14760,158
2158645,Termo de 1 Galon Chiller Azul 2158645 Coleman,bla,gris,JardÃ­n,14760,0
2158133,Hielera Mochila CHILLER SOFT COOLER 28 Latas Coleman,bla,gris,Deportes,14380,20
43421-BEST,Flotador Para Alberca Inflable Acuatico Salvavida Bestway,bla,gris,JardÃ­n,14360,81
300552,Silla Tipo Eames Madera Tulip Asiento Acolchonado Vinipiel,bla,gris,Muebles,13980,2
2186459-CON,Termo Botella 12oz Para NiÃ±os Con Popote Acero Inox Leighton,bla,gris,Hogar,13960,90
300544,Lupa Escritorio con Luz 100 mm 3x con Prensa 5 cm Color Negro Kingsman,bla,gris,FerreterÃ­a,13960,98
1700843-LIB,Decantador Oxigenador Aireador Vidrio De Vino 1.9 L Libbey,bla,gris,Cocina,13960,90
HJSBSB010001,Sombrilla Para Jardin Exterior Plegable 3mts Con Inclinacion,bla,gris,JardÃ­n,13794,0
2186457-CON,Termo Botella 12oz Para NiÃ±os Con Popote Acero Inox Leighton,bla,gris,Hogar,13560,80
300564,Termometro Laser Infrarojo -50 A 380 Grados 405151 Kingsman,bla,gris,FerreterÃ­a,13560,188
XMASLIGHT450,LUCES DE NAVIADA LED 450 CALIDAS,bla,gris,Hogar,13160,122
COLORBOARD3,Juego de Tablas Cocina para Picar Alimentos de PlÃ¡stico 3 Piezas COLORBOARD3 ColorHome,bla,gris,Cocina,13080,444
29057-INTEX,Kit Limpieza Hojas Alberca Piscina+ Cepillo + Cabezal Intex,bla,gris,JardÃ­n,12980,42
70290-CON,Botella Contigo Shaker Mezcladora 28 Oz Vaso Fitness Deporte,bla,gris,JardÃ­n,12900,312
DREAMSCOVERSI,Edredon C/Funda de Almohada Individual,bla,gris,Hogar,12886,34
300152,Juego 15 Brocas Carburo 1/4 Para Router Estuche Madera,bla,gris,FerreterÃ­a,12760,441
CE1GVOLT,Calefactor Ventilador Calentador Electrico 1500W Portatil,bla,gris,ElectrodomÃ©sticos,11970,32
2000034753,Hielera Flexible Termica 9 Latas 16 Horas Frio Coleman,bla,gris,JardÃ­n,11960,38
2000034754,Hielera Flexible Termica 18 Latas 20 Horas Frio Coleman,bla,gris,JardÃ­n,11960,0
2195204-CON,Botella agua plÃ¡stica 14 Oz Sistema AUTOSPOUT 2195204 Contigo,bla,gris,JardÃ­n,11960,97
300230,Prensa Esquinera Uso Rudo 65mm Herramienta Carpinteria Marco,bla,gris,FerreterÃ­a,11960,101
HJ3P3P010001,Paquete De 3 Plantas PequeÃ±as Artificiales Decoracion Hogar,bla,gris,Hogar,11940,483
MAGNEKING5KIT,Kit 2 Escuadras Magnetica 5 In 50 Lb 34 Kg Juego Para Soldar,bla,gris,FerreterÃ­a,11920,91
DREAMSDUOMIXQ,Pack duo 2 Almohadas Mix EstÃ¡ndar DREAMSDUOMIXQ ColorDreams,bla,gris,Colchones,11866,25
300241,Kit 18 Brocas Puntas Plantilla Guia ConexiÃ³n Rapida Taladro,bla,gris,FerreterÃ­a,11560,80
HJWCWA010000,Closet Ropero Armable Armario 4 A 6ft Ajustable Reforzado,bla,gris,Hogar,11557,24
28032-INTEX,Cubierta Cobertor Tapa Para Alberca Estructural 457 Cm Intex,bla,gris,JardÃ­n,11370,19
2162082-CON,Botella agua plÃ¡stica 14 Oz Sistema AUTOSPOUT 2195204 Contigo,bla,gris,JardÃ­n,11160,53
57141NP-INTEX,Alberca Inflable Nube Techo Arcoiris De Bebe Hogar Intex,bla,gris,JardÃ­n,11070,78
300262-NEG,Caja De Dinero Sencilla 20 Cm Para Monedas Kingsman,bla,gris,FerreterÃ­a,11026,55
43555-BEST,Flotador Para Alberca Inflable Acuatico Con Cabecera Bestway,bla,gris,JardÃ­n,10760,69
58753EU-INTEX,Inflable Colchoneta Forma Paleta Para Alberca 58753eu Intex,bla,gris,JardÃ­n,10580,54
2100871-CON,Termo Acero Inox Sistema Snapseal Byron 473 Ml Contigo,bla,gris,JardÃ­n,10470,30
2181410-CON,Termo Botella 12oz Para NiÃ±os Con Popote Acero Inox Leighton,bla,gris,Hogar,10470,62
300264,Caja De Seguridad 30cm Guardar Dinero Monedas 9 Separadores,bla,gris,Otros,10360,52
KINGCHEST5-1,Comoda Cajonera 5 Cajones Mueble Organizador de Tela Madera,bla,gris,Muebles,9990,19
DPMCMN000001,Par De Mancuernas Cromadas,bla,gris,Deportes,9980,42
CE1BVOLT,Calefactor Portatil Calentador Electrico Ventilador 1500W,bla,gris,ElectrodomÃ©sticos,9975,201
300280,Caja De Valor Forma De Libro Plastico 18 Cm Con Combinacion,bla,gris,Otros,9960,522
COLORSTEEL5N,SETX3 SARTENES ANTIADHERENTE + UTENSILLIO DE NYLON,bla,gris,Cocina,9960,259
COLORSTEEL5R,SETX3 SARTENES ANTIADHERENTE + UTENSILLIO DE NYLON,bla,gris,Cocina,9960,250
BAMBYBOOSTG,Asiento Elevador Coche Para Bebe Booster Carro Cojin Silla,bla,gris,BebÃ©s,9960,101
D-37100-MAK,Brocas Juego 5pzs Multimaterial Ideal Madera Aluminio Makita,bla,gris,FerreterÃ­a,9900,582
2000035540,Bolsa De Dormir Coleman Saco Sleeping Bag 187x72cm Colores,bla,gris,NULL,9580,25
B-90467-MAK,Set Discos Para Esmeril Corte Desbaste Pulido 4 Pzas Makita,bla,gris,FerreterÃ­a,9560,81
DREAMSCOVERSC,Edredon C/Funda de Almohada Individual,bla,gris,Hogar,9475,15
300194-SZ,Mueble Armario Closet Multiuso 2 Puertas + Estantes Mdp Casa,bla,gris,Muebles,9196,0
HJSBSB140001,Sombrilla Para Jardin Exterior Plegable 3mts Con Inclinacion,bla,gris,JardÃ­n,9196,2
300293,Kit Herramienta Relojero Joyero Reparaciones 146 Pzs Estuche,bla,gris,FerreterÃ­a,9160,186
COLORSTEEL4R,SETX3 SARTENES ANTIADHERENTE + UTENSILLIO DE NYLON,bla,gris,Cocina,9160,98
2094848-CON,Termo 16oz 473 Ml Acero Inox Frio Caliente Para Cafe Contigo,bla,gris,JardÃ­n,8970,34
KINGMSK50,Careta Electronica Para Soldar Uso Industrial 9-13 Kingsman,bla,gris,FerreterÃ­a,8450,516
2126115-CON,Botella Contigo 414 Ml 14 Oz Autospout Agua NiÃ±os Infantil,bla,gris,JardÃ­n,8015,94
29005-INTEX,Cartucho Filtrante Tipo B Bomba De 2000 A 4000 Gph Intex,bla,gris,JardÃ­n,7960,118
300326,Herramienta Matraca Dado Hexagonal Universal 1/4-3/4in 3 Pzs,bla,gris,FerreterÃ­a,7960,266
606-BLK-PTY-BCH,Engrapadora de Escritorio Deluxe,bla,gris,FerreterÃ­a,7960,83
300156,Llave 4En1 Para Esmeril Angular Capacidad 15-52mm Universal,bla,gris,FerreterÃ­a,7920,635
300285,Caja Dinero de CombinaciÃ³n Negro 20x16x9 cm Ts0037 Kingsman,bla,gris,Otros,7560,7
BAMBYBOOSTGN,Asiento Elevador Coche Para Bebe Booster Carro Cojin Silla,bla,gris,BebÃ©s,7470,44
300161,Kit Desarmador Desatornillador Reparacion Celular Punta 63pz,bla,gris,FerreterÃ­a,7160,184
KINGCHEST5-1BWB,Comoda Cajonera 5 Cajones Mueble Organizador de Tela Madera,bla,gris,Muebles,6993,0
300453,Accesorio para Taladro Mototool Juego con 250 Pcs 402083 Kingsman,bla,gris,FerreterÃ­a,6980,708
COLORJAR5,Dispensador Bebidas 5 Litros Mason Jar Vitrolero Base Metal,bla,gris,Cocina,6780,6
2121050-CON,Termo 16 Oz Autoseal WestLoop 3.0 Acero Inoxidable Contigo,bla,gris,Hogar,6580,54
2198369-CON,Termo 16oz Luxe Travel Blueberry Contigo,bla,gris,Hogar,6580,51
2198406-CON,Taza Termica Termo Contigo Rambler + Tapa Caliente Frio 14oz,bla,gris,JardÃ­n,6380,22
300160,Desarmador Kit Reparacion Celulares Tablets Laptops 117 En 1,bla,gris,FerreterÃ­a,6380,307
300563,Follaje Artificial Sintetico Muro Verde 60x40cm Hoja Grande,bla,gris,JardÃ­n,6360,25
300265,Caja Dinero de CombinaciÃ³n con Perilla 20x16x9 cm Negro Ts0037G Kingsman,bla,gris,Otros,6270,110
300266,Caja De Guardar Dinero Combinacion 25x18x9 Cm 3 Separadores,bla,gris,Otros,5970,46
300330,Punzon Letra y NÃºmero Juego con 36 Piezas 4 mm Kingsman,bla,gris,FerreterÃ­a,5970,83
300225,Guia Plantilla V Angulos Brocas 4-12 Mm Carpinteria Madera,bla,gris,FerreterÃ­a,5960,181
300158,Cepillo para Taladro Juego 3 Piezas para Limpieza Cerdas Multiusos 300158 Kingsman,bla,gris,FerreterÃ­a,5960,78
CHRACK1,Organizador Estante de Ollas y Sartenes 3 Repisas Acero 43 cm LFZH011 ColorHome,bla,gris,Muebles,5580,69
KINGCHEST5GB,Comoda Cajonera de 5 Cajones Mueble Organizador Tela Madera,bla,gris,Muebles,5495,33
300159,Kit Cepillo Escobilla De Taladro 10 Pzs Nailon Limpieza BaÃ±o,bla,gris,FerreterÃ­a,5380,15
29020-INTEX,Cubierta Para Albercas Easy Set Y Estructural 244 Cm Intex,bla,gris,JardÃ­n,5370,72
58095-BEST,Cartucho Tipo Iv Bestway Filtro Para Bomba Limpieza Alberca,bla,gris,JardÃ­n,5340,18
CEC2GVOLT,Calefactor Electrico De Cuarzo 800W Calentador 2 Niveles,bla,gris,ElectrodomÃ©sticos,5229,85
300232,Chupon Succionador Para Sacar Abolladuras Levanta Carga 5 Kg,bla,gris,FerreterÃ­a,5160,157
300277,Caja Valor Camuflaje Forma De Libro Plastico 18 Cm,bla,gris,Otros,4980,51
66635-INTEX,Bomba de Aire de Carga Rapida Mini USB Intex,bla,gris,JardÃ­n,4780,47
1720743-LIB,Vasos Buzz Lightyear Juego 4 Pzas 260ml Colores Para NiÃ±os,bla,gris,Cocina,4580,18
COLORSTEEL4N,SETX3 SARTENES ANTIADHERENTE + UTENSILLIO DE NYLON,bla,gris,Cocina,4580,54
58319-BEST,Cobertor Tapa Cubierta De Alberca Bestway Rectangular 262cm,bla,gris,JardÃ­n,4475,110
BSHD02160001,Difusor Humidificador Usb,bla,gris,Salud,4475,116
DPCPCP020001,CojÃ­n Almohadilla Para Sentadillas Barra Pesas Gym Protector,bla,gris,Deportes,4225,142
59895NP-INTEX,Flotador Colchon Inflable Para Alberca Surtido 59895np Intex,bla,gris,JardÃ­n,4180,44
300584,Escuadra Magnetica Para Soldar 6 Pzs Esquina 30 a 135 Grados,bla,gris,FerreterÃ­a,4170,36
2186456-CON,Termo Botella 14oz Para NiÃ±os Popote PVC Leigthon Contigo,bla,gris,Hogar,3980,51
51-471-STA,Martillo Curvo Mango de Madera 16 oz,bla,gris,FerreterÃ­a,3980,58
300144,Prensa Sargento Tipo F 6 In X 6 Cm Ajuste Rapido Carpinteria,bla,gris,FerreterÃ­a,3960,4
VWINE18,Cava De Vinos Para 18 Botellas VWINE18 VOLTIO,bla,gris,ElectrodomÃ©sticos,3899,0
KHMESAX4SMCG,Sillas Juego De Comedor Con Mesa Cocina Cafeteria 4 Personas,bla,gris,Muebles,3749,54
2169253-CON,Termo Acero Inox Sistema Snapseal Byron 710 Ml Contigo,bla,gris,JardÃ­n,3592,0
2094863-CON,Termo 20oz 591 Ml Tipo Taza Acero Inox Frio Caliente Contigo,bla,gris,JardÃ­n,3591,14
2608619383-BOS,Disco Abrasivo de Corte para Metal 4 1/2 In 2608619383 Bosch,bla,gris,FerreterÃ­a,3570,76
300147,Prensa Sargento Para Madera de 24 Pulgadas Carpinteria,bla,gris,FerreterÃ­a,3570,25
DPCSCS000001,Cuerda Para Saltar Mango Antideslizante 300 cm Ajustable,bla,gris,Deportes,3560,490
DPCSCS030001,Cuerda Para Saltar Mango Antideslizante 300 cm Ajustable,bla,gris,Deportes,3560,347
DPCSCS020001,Cuerda Para Saltar Mango Antideslizante 300 cm Ajustable,bla,gris,Deportes,3560,458
SBCLOUDG,Sofa cama sillon colchon plegable Individual ColorDreams,bla,gris,Colchones,3499,0
KINGCHEST2B,Comoda Cajonera con 2 Cajones Buro Mueble de Tela Madera,bla,gris,Muebles,3245,3
KINGCHEST2,Comoda Cajonera con 2 Cajones Buro Mueble de Tela Madera,bla,gris,Muebles,3245,0
2144598-CON,Taza Termica Termo Contigo Rambler + Tapa Caliente Frio 14oz,bla,gris,JardÃ­n,3190,4
BSOMES110001,Organizador De Labiales Organizador De Acrilico Con Espejo,bla,gris,Belleza y Cuidado Personal,2980,32
HJPA12050001,Paquete 5 Plantas Artificiales Tropicales Falsas Codiaeum,bla,gris,Hogar,2970,70
HJPA19050001,Paquete 5 Plantas Tropicales Falsas Artificiales Epipremnum,bla,gris,JardÃ­n,2760,0
ALEBRIBOXPROG,Arenero Cerrado Para Gato Doble Entrada 52x39x40cm Alebripets,bla,gris,Mascotas,2396,1
DPCPCP000001,CojÃ­n Almohadilla Para Sentadillas Barra Pesas Gym Protector,bla,gris,Deportes,2197,5
2144597-CON,Taza Termica Termo Contigo Rambler + Tapa Caliente Frio 14oz,bla,gris,JardÃ­n,1595,6
2144612-CON,Taza Termica Termo Contigo Rambler + Tapa Caliente Frio 14oz,bla,gris,JardÃ­n,1595,19
COLORJAR1-5,Contenedor para Almacenaje Cristal con Tapa Hermetica 1.5 Litros COLORJAR1-5 ColorHome,bla,gris,Cocina,990,1
2144613-CON,Taza Termica Termo Contigo Rambler + Tapa Caliente Frio 14oz,bla,gris,JardÃ­n,638,0
2110465-CON,Termo 20oz Acero Inox De Caliente Frio Marmol Blanco Contigo,bla,gris,JardÃ­n,0,127
2169465-CON,Termo Acero Inox Sistema Snapseal Byron 473 Ml Contigo,bla,gris,JardÃ­n,0,421
2190581-CON,Termo 20oz 591 Ml Tipo Taza Acero Inox Frio Caliente Contigo,bla,gris,JardÃ­n,0,0
293406,Toldo Carpa Con Pared Impermeable Plegable Acero 3x3 M,bla,gris,JardÃ­n,0,1
300200-SZ,Mueble Organizador Rack 2 Puertas Planchado Ropa Tabla 86 Cm,bla,gris,Muebles,0,9
COLORINOX7B,Bateria De Cocina 7 Pzas Acero Inox Tricapa Negro Colorhome,bla,gris,Cocina,0,1
HJBSBS000001,Base Para Sombrilla,bla,gris,Hogar,0,69
KH4PLSRB,Sala Rattan Para Exterior Jardin Mimbre Marron Cojines Beige,bla,gris,JardÃ­n,0,0
KINGCHEST5G,Comoda Cajonera de 5 Cajones Mueble Organizador Tela Madera,bla,gris,Muebles,0,20
KMEM27,Escalera Multiposiciones De Aluminio 2.7 Metros 8 PeldaÃ±os,bla,gris,Escaleras,0,1
SBCLOUD2G,Sofa cama sillon colchon plegable Matrimonial ColorDreams,bla,gris,Colchones,0,30
SGXMAS180,Arbol De Navidad 180 Cm Artificial Pino NavideÃ±o Adornos,bla,gris,Hogar,0,2219
SGXMAS210F,Arbol De Navidad Pino Nevado 2.10m Artificial NavideÃ±o,bla,gris,Hogar,0,310
2094844-CON,NULL,bla,gris,JardÃ­n,0,0
72952-CON,NULL,bla,gris,JardÃ­n,0,0
72953-CON,NULL,bla,gris,JardÃ­n,0,0
BEDCOU2-BLA,Cama Matrimonial Con Cajones Abatible Caja 2,bla,gris,Muebles,0,0
BEDSIN2-BLA,Cama Individual Con Cajones,bla,gris,Muebles,0,0
BEDSIN3-BLA,Cama Individual Con TobogÃ¡n,bla,gris,Muebles,0,0
BEDSIN4-MAD,Cama Individual Con Escritorio Multifuncional Caja 2,bla,gris,Muebles,0,34
BEDTW1-MAD,BEDTW1-MAD,bla,gris,Muebles,0,0
BEDTW2-MAD,Litera Doble Individual,bla,gris,Muebles,0,50
BIFIPRO-13,Bicicleta Fija Spinning Pro 13 kg,bla,gris,Deportes,0,0
BIFIPRO-8,Bicicleta Fija Spinning Pro 8 kg,bla,gris,Deportes,0,0
BIFISPIN-1,Bicicleta Fija Spinning,bla,gris,Deportes,0,0
BIFISPIN-6,Bicicleta Fija Spinning 6 kg,bla,gris,Deportes,0,2
BUR-ARENA1-NEG,NULL,bla,gris,Muebles,0,0
CENEOX2,Caminadora Electrica Plegable Neox 2 HP,bla,gris,Deportes,0,0
CENEX3,Caminadora Electrica Nex 3 HP,bla,gris,Deportes,0,84
COMBO-KH-127,NULL,bla,gris,Muebles,0,0
COMBO-RUMBO-2,NULL,bla,gris,Equipaje y bolsas,0,0
COOKDOM16-NEG,Bateria De Cocina Domestica 16 Piezas (Caja master con 2 piezas),bla,gris,Cocina,0,0
COOKDOM16-ROJ,Bateria De Cocina Domestica 16 Piezas,bla,gris,Cocina,0,0
COOKTRI7-NEG,Bateria De Cocina Tricapa 7 Piezas (Caja master con 2 piezas),bla,gris,NULL,0,0
DESK-ARIA2-BLA,NULL,bla,gris,Muebles,0,0
DNG-ROBLE2-BEN,NULL,bla,gris,Muebles,0,0
DNGLEX4-GRI,Set de Comedor Moderno Con 4 Sillas y Mesa de Vidrio,bla,gris,Muebles,0,0
DNGLEX4-MAR,DNGLEX4-MAR Set de Comedor Moderno Con 4 Sillas y Mesa de Vidrio,bla,gris,Muebles,0,0
DNGVITA6-GRI,NULL,bla,gris,Muebles,0,0
DREAMERONE-SMR,NULL,bla,gris,Colchones,0,0
DRESMULTI3-NOG,NULL,bla,gris,Muebles,0,0
EBIKE500-VN-SMR,NULL,bla,gris,Deportes,0,0
EBIKE800-G-SMR,NULL,bla,gris,Deportes,0,0
ETRAIL-6G-SMR,NULL,bla,gris,Deportes,0,0
ETRAIL-8G-SMR,NULL,bla,gris,Deportes,0,0
ETRAIL-8O-SMR,NULL,bla,gris,Deportes,0,0
ETRAIL-9B-SMR,NULL,bla,gris,Deportes,0,0
EX-1G,Bicicleta ElÃ©ctrica Con Canastilla Delantera Bocina Luz y SeÃ±ales Intermitentes,bla,gris,Deportes,0,0
EX-1GR,NULL,bla,gris,Deportes,0,0
EX-1R,NULL,bla,gris,Deportes,0,0
GDSGREEN6-GRI,Juego De Jardin Exterior 6 Piezas Greenhouse,bla,gris,Muebles,0,0
GDSGREEN6-GRO,NULL,bla,gris,Muebles,0,0
HIDRO-GAS3200-SMR,NULL,bla,gris,FerreterÃ­a,0,0
HJPEPC160003,Persiana Horizontal Enrollable Pvc 160x120 Ajustable Moderna,bla,gris,Hogar,0,2
KHSOFALUXEB,Silla SillÃ³n Reclinable De Tela Reposet Manual Individual,bla,gris,Muebles,0,0
KHSOFALUXEG,Silla SillÃ³n Reclinable De Tela Reposet Manual Individual,bla,gris,Muebles,0,0
KING3000-SMR,NULL,bla,gris,NULL,0,0
KINGCHEST5-2,NULL,bla,gris,Muebles,0,0
KINGCHEST5BW,Comoda Cajonera de 5 Cajones Mueble Organizador Tela Madera,bla,gris,Muebles,0,0
KMEM45,Escalera Multiposiciones De Aluminio 4.5 Metros 16 PeldaÃ±os,bla,gris,Escaleras,0,2
LIVGREEN4-NEG,NULL,bla,gris,Muebles,0,0
OPAL12-BLA,Vajilla Opal Redonda 12 Piezas (Caja master con 4 piezas),bla,gris,Cocina,0,0
OPAL12SQ-BLA,Vajilla Opal Cuadrada 12 Piezas (Caja master con 4 piezas),bla,gris,Cocina,0,0
OPAL16-BLA,Vajilla Opal Redonda 16 Piezas (Caja master con 2 piezas),bla,gris,Cocina,0,0
OPAL31-BLA,Vajilla Opal Redonda 31 Piezas (Caja master con 2 piezas),bla,gris,Cocina,0,0
PRESSBE-1,Banco Torre de Musculacion Grande,bla,gris,Deportes,0,0
PRESSBE-2,Banco Multifuncional Con Soporte Para Barra Mediano,bla,gris,Deportes,0,0
PRESSBE-4,Banco Ejercitador Vertical Mediano,bla,gris,Deportes,0,0
PRESSBE-5,NULL,bla,gris,Deportes,0,0
PRESSBE-7,NULL,bla,gris,Deportes,0,0
SH18-NEG,Mueble Zapatero MDP Para 18 Pares,bla,gris,Muebles,0,0
SHED-1-NEG,NULL,bla,gris,Muebles,0,0
SHMTN2-MAD,Mueble Zapatero Con 3 Cajones Mediano Montana,bla,gris,Muebles,0,0
SHMTN3-MAD,Mueble Zapatero Banco Con 1 Compartimiento Chico Montana,bla,gris,Muebles,0,0
SHMTN4-MAD,Mueble Zapatero Banco Con 2 Compartimientos Chico Montana,bla,gris,Muebles,0,0
TABL-ARENA2-BLA,NULL,bla,gris,Muebles,0,0
TABL-ARENA2-NEG,NULL,bla,gris,Muebles,0,0
TBINMET12,Bote de basura 12 litros,bla,gris,Cocina,0,0
TBINMET6,Bote De Basura Metalico 6 Litros,bla,gris,NULL,0,0
TBINMET7,Bote de basura 7 litros,bla,gris,Cocina,0,0
TBINMET8,Bote De Basura Metalico 8 Litros,bla,gris,NULL,0,0
TOLIX-CLASSIC2-BLA,Tolix Silla Modelo Clasico Con Asiento De Madera,bla,gris,Muebles,0,95
TOLIX-CLASSIC2-NEM,Tolix Silla Modelo Clasico Con Asiento De Madera,bla,gris,Muebles,0,199
XTRAIL-3Y,NULL,bla,gris,Deportes,0,0
2063321-CON,NULL,bla,gris,JardÃ­n,0,0
2094830-CON,NULL,bla,gris,JardÃ­n,0,0
2094843-CON,NULL,bla,gris,JardÃ­n,0,0
2094852-CON,NULL,bla,gris,JardÃ­n,0,0
2094862-CON,NULL,bla,gris,JardÃ­n,0,0
2100873-CON,NULL,bla,gris,JardÃ­n,0,0
2160826,NULL,bla,gris,JardÃ­n,0,0
2164913-CON,NULL,bla,gris,Hogar,0,0
59460NP-INTEX,Alberca Piscina Flotador Y Pelota Inflable Frutas NiÃ±o Intex,bla,gris,JardÃ­n,0,0
B1276-SZ-SR,NULL,bla,gris,Muebles,0,105
BBHSE-EVOL27-GRI,Silla de bebe periquera evolution,bla,gris,BebÃ©s,0,11
BEDCOU1-BLA,Cama Matrimonial Con Cajones,bla,gris,Muebles,0,0
BEDCR-BLA,Cama Cuna Individual 3 en 1,bla,gris,Muebles,0,0
BEDSIN2-MAD,Cama Individual Con Cajones,bla,gris,Muebles,0,41
BEDSIN3-MAD,Cama Individual Con TobogÃ¡n,bla,gris,Muebles,0,0
BEDSIN4-BLA,Cama Individual Con Escritorio Multifuncional Caja 2,bla,gris,Muebles,0,0
BEDTW2-BLA,Litera Doble Individual,bla,gris,Muebles,0,62
BIFIPRO-15,Bicicleta Fija Spinning Pro 15kg,bla,gris,Deportes,0,0
BUR-ARENA1-BLA,NULL,bla,gris,Muebles,0,0
BUR-ARENA2-BLA,NULL,bla,gris,Muebles,0,0
BUR-ARENA2-NEG,NULL,bla,gris,Muebles,0,0
BUR-ARENA3-BLA,NULL,bla,gris,Muebles,0,0
BUR-ARENA3-NEG,NULL,bla,gris,Muebles,0,0
BUR-ARIA1-BLA,NULL,bla,gris,Muebles,0,0
BUR-ARIA1-NEG,NULL,bla,gris,Muebles,0,0
BUR-ARIA2-BLA,NULL,bla,gris,Muebles,0,0
BUR-ARIA2-NEG,NULL,bla,gris,Muebles,0,0
BUR-CLARA3-MAD,Comoda buro con 3 puertas grande clara,bla,gris,Muebles,0,0
BUR-MAPLE2-MAD,Comoda buro con 2 puertas mediano maple,bla,gris,Muebles,0,0
BUR-MAPLE3-MAD,Comoda buro con 2 puertas grande maple,bla,gris,Muebles,0,0
CENEOX3,Caminadora Electrica Plegable con Baranda Neox 2 HP,bla,gris,Deportes,0,0
COMBO-RUMBO-1,NULL,bla,gris,Equipaje y bolsas,0,0
COMBO-RUMBO-3,NULL,bla,gris,Equipaje y bolsas,0,0
COMBO-RUMBO-4,NULL,bla,gris,Equipaje y bolsas,0,0
COOKTRI11-CAF,Bateria De Cocina Tricapa 11 Piezas (Caja master con 2 piezas),bla,gris,NULL,0,0
COOKTRI11-MET,Bateria De Cocina Tricapa 11 Piezas (Caja master con 2 piezas),bla,gris,NULL,0,0
COOKTRI12-MET,Bateria De Cocina Tricapa 12 Piezas (Caja master con 2 piezas),bla,gris,NULL,0,0
COOKTRI7-GRI,Bateria De Cocina Tricapa 7 Piezas (Caja master con 2 piezas),bla,gris,NULL,0,0
COUPLEDREAMER-SMR,NULL,bla,gris,Colchones,0,0
DESK-ARIA2-NEG,NULL,bla,gris,Muebles,0,0
DESK-GMG-NEG,Escritorio De Madera Gamer,bla,gris,Muebles,0,0
DNGLEX4-NEG,Set de Comedor Moderno Con 4 Sillas y Mesa de Vidrio,bla,gris,Muebles,0,21
DNGLUNA6-GRI,Juego De Comedor Luna Mesa Con 6 Sillas 3 Cajas,bla,gris,Muebles,0,0
DNGLUNA6-NEG,Juego De Comedor Luna Mesa Con 6 Sillas 3 Cajas,bla,gris,Muebles,0,67
DNGVITA6-BEI,NULL,bla,gris,Muebles,0,0
DREAMERTWO-SMR,NULL,bla,gris,Colchones,0,0
DRES-ARIA-BLA,NULL,bla,gris,Muebles,0,0
DRES-ARIA-NEG,NULL,bla,gris,Muebles,0,0
EBIKE350-B-SMR,NULL,bla,gris,Deportes,0,0
EBIKE500-GN-SMR,NULL,bla,gris,Deportes,0,0
ETRAIL-6B-SMR,NULL,bla,gris,Deportes,0,0
ETRAIL-8L-SMR,NULL,bla,gris,Deportes,0,0
EX-1BL,Bicicleta ElÃ©ctrica Con Canastilla Delantera Bocina Luz y SeÃ±ales Intermitentes,bla,gris,Deportes,0,0
EX-1W,NULL,bla,gris,Deportes,0,0
FRG140,NULL,bla,gris,ElectrodomÃ©sticos,0,0
GAS-GEN2000-SMR,NULL,bla,gris,FerreterÃ­a,0,0
GAS-GEN3000-SMR,NULL,bla,gris,FerreterÃ­a,0,0
GAS-GEN3500-SMR,NULL,bla,gris,FerreterÃ­a,0,0
HIDRO-GAS2600-SMR,NULL,bla,gris,FerreterÃ­a,0,0
KHSOFALEIAB,SofÃ¡ Cama Silla SillÃ³n Plegable Sala Moderna Velvet + CojÃ­n,bla,gris,Muebles,0,0
KINGCE1,Caminadora Electrica Portatil 110V Color Gris Cardio Fitness,bla,gris,Deportes,0,6
KINGCHEST5-1BW,NULL,bla,gris,Muebles,0,0
KINGCHEST5BWB,Comoda Cajonera de 5 Cajones Mueble Organizador Tela Madera,bla,gris,Muebles,0,0
LIVGREEN4-MAR,NULL,bla,gris,Muebles,0,0
OPAL16SQ-BLA,Vajilla Opal Cuadrada 16 Piezas (Caja master con 2 piezas),bla,gris,Cocina,0,0
OPAL25-BLA,Vajilla Opal Redonda 25 Piezas (Caja master con 2 piezas),bla,gris,Cocina,0,0
RACKMU200-NEG,Rack Alacena Multiusos Negro,bla,gris,Muebles,0,0
RACKMU6-BLA,Rack Alacena Multiusos 6 Repisas,bla,gris,Muebles,0,0
RACKMU6-NEG,Rack Alacena Multiusos 6 Repisas,bla,gris,Muebles,0,0
RACKTA-BLA,Rack Mueble Organizador Con Tabla De Planchado,bla,gris,Muebles,0,0
SH3-BLA,Mueble Zapatero Con 3 Cajones Mediano,bla,gris,Muebles,0,0
SH4-BLA,Mueble Zapatero Con 4 Cajones Mediano,bla,gris,Muebles,0,0
SHED-2-NEG,NULL,bla,gris,Muebles,0,0
SHMTN1-NEG,Mueble Zapatero Con 3 Cajones Mediano Montana,bla,gris,Muebles,0,0
SOFA-LEIA-GRO,Sofa Cama 3 Cuerpos Con Almohadones 5 Piezas Leia,bla,gris,Muebles,0,0
SOFAMIA-GRI,NULL,bla,gris,Muebles,0,0
TABL-CLARA1-MAD,Mesa comoda con 1 puerta y 1 repisa mediana clara,bla,gris,Muebles,0,0
TABL-MONTAN1-NEG,Mesa comoda para tv con 1 puerta y 2 cajones grande montana,bla,gris,Muebles,0,0
TABL-MONTAN3-MAD,Mesa comoda con bandeja desplegable y compartimientos mediana montana,bla,gris,Muebles,0,0
TBINMET20,Bote de basura 20 litros,bla,gris,Cocina,0,0
TBINMET30,Bote de basura 30 litros,bla,gris,Cocina,0,0
TOLIX-BAR2-BLA,Tolix Banco Alto Con Respaldo,bla,gris,Muebles,0,616
TOLIX-BAR2-NEM,Tolix Banco Alto Con Respaldo,bla,gris,Muebles,0,530
TOLIX-BAR2-ROJ,Tolix Banco Alto Con Respaldo,bla,gris,Muebles,0,316
TOLIX-CLASSIC1-BLA,Tolix Silla Modelo Clasico,bla,gris,Muebles,0,1034
TOLIX-CLASSIC1-NEM,Tolix Silla Modelo Clasico,bla,gris,Muebles,0,760
TOLIX-CLASSIC1-ROJ,Tolix Silla Modelo Clasico,bla,gris,Muebles,0,250
XMASLIGHT250,LUCES DE NAVIADA LED 250 CALIDAS,bla,gris,Hogar,0,122
XTRAIL-1B,Bicicleta De MontaÃ±a R26 Freno Disco Shimano 21 Velocidades,bla,gris,Deportes,0,0
XTRAIL-3R,NULL,bla,gris,Deportes,0,0